번호,원문 항목,원문 순서/분류,"상태(2026-10-09, GitHub 저장소 기준)",근거(커밋·파일·검사),남은 일·외부 준비
A1,정상 예정 근무를 근무표에 없는 출근으로 표시,원문 오류,구현됨,e977013 지시서 1라운드 A · lib/attendance-check.ts dayRows 공통 판정,
A2,출퇴근 화면과 비서 건수 불일치,원문 오류,구현됨,e977013 · 같은 checkDay 사용,
A3,홈 근무 인원·직원 목록 중복,원문 오류,구현됨,e977013 · 직원별 중복 제거,
A4,매장 비교·리포트 기준 월 불일치,원문 오류,구현됨,e977013 · 기준 월 공유·확정 스냅샷,
001,미출근 알림 — 예정 +10분 넘으면 사장님 폰으로,2주차 · 알림 뼈대,구현(외부 준비 필요),lib/alert-sweep.ts,직원·사장님 휴대폰 알림 허용 필요
002,"퇴근 누락 알림 — 예정 퇴근 +30분, 직원·사장님 동시",2주차 · 알림 뼈대,구현(외부 준비 필요),lib/alert-sweep.ts,휴대폰 알림 허용 필요
003,지각·조퇴·결근 배지,2라운드 · 출퇴근 기록 화면 8개,구현됨,app/attendance-page.tsx StatusChip(글자+색) · lib/attendance-check.ts dayRows · check-attendance-table,
004,인정 시간 규칙,2라운드 · 출퇴근 기록 화면 8개,구현됨,app/attendance-page.tsx,
005,연장근무 사전 승인 — 예정 초과분은 승인해야 급여 반영,다음,구현됨,"911df0b 다음 출퇴근 묶음: 005 연장근무 승인 후 반영, 006 출근 위치 확인(반경·경고/막기, 좌표 미저장), · lib/att-extras.ts, lib/team-model.ts",
006,위치 확인 — QR + 매장 반경,다음,구현됨,"911df0b 다음 출퇴근 묶음: 005 연장근무 승인 후 반영, 006 출근 위치 확인(반경·경고/막기, 좌표 미저장), · app/att-device.ts, app/worker.ts, lib/att-extras.ts",
007,대리 출근 의심 감지 — 한 기기로 여러 명 출근,다음,구현됨,"911df0b 다음 출퇴근 묶음: 005 연장근무 승인 후 반영, 006 출근 위치 확인(반경·경고/막기, 좌표 미저장), · lib/att-extras.ts, lib/team-model.ts",
008,수정 요청 마감 경고 — 급여 확정 전 미처리 요청,다음,구현됨,lib/close-check.ts monthChecklist '출퇴근 정정 대기' · 급여 확정 창,
009,지각 사유 입력 — 직원이 찍을 때 한 줄,나중,구현됨,"ba71bef 나중 묶음 1: 009 지각 사유 한 줄, 010 결근·지각 누적 알림(기준 설정), 020 매장 태블릿 키",
010,결근 누적 알림 — 월 N회 넘으면,나중,구현됨,"ba71bef 나중 묶음 1: 009 지각 사유 한 줄, 010 결근·지각 누적 알림(기준 설정), 020 매장 태블릿 키",
011,사장님 직접 기록 추가,2라운드 · 출퇴근 기록 화면 8개,구현됨,app/worker.ts manualAttendance(사유 필수·잠긴 달 차단) · check-attendance-table,
012,기간 조회,2라운드 · 출퇴근 기록 화면 8개,구현됨,app/attendance-page.tsx,
013,일간 시간표 — 예정·실제 막대와 상태 표시,2라운드 · 출퇴근 기록 화면 8개,구현됨,app/attendance-page.tsx AttendanceTimeline 예정·실제 막대,
014,일간 시간표 — 자동 시간 범위·24시간 보기,2라운드 · 출퇴근 기록 화면 8개,구현됨,app/attendance-page.tsx AttendanceTimeline 자동 범위·24시간 보기,
015,휴게 위치 표시 — 실제 쉰 시각을 막대에,다음,구현됨,"911df0b 다음 출퇴근 묶음: 005 연장근무 승인 후 반영, 006 출근 위치 확인(반경·경고/막기, 좌표 미저장), · lib/att-extras.ts, lib/team-model.ts",
016,"직원·상태 필터 — 지각만, 미퇴근만",다음,구현됨,"911df0b 다음 출퇴근 묶음: 005 연장근무 승인 후 반영, 006 출근 위치 확인(반경·경고/막기, 좌표 미저장), · lib/att-extras.ts",
017,수정 요청 일괄 승인 — 여러 건 한 번에,다음,구현됨,"911df0b 다음 출퇴근 묶음: 005 연장근무 승인 후 반영, 006 출근 위치 확인(반경·경고/막기, 좌표 미저장),",
018,출퇴근 엑셀 내려받기 — 기간별 원본 기록,다음,구현됨,"911df0b 다음 출퇴근 묶음: 005 연장근무 승인 후 반영, 006 출근 위치 확인(반경·경고/막기, 좌표 미저장), · lib/att-extras.ts",
019,월간 근태 달력 — 직원별 출근·지각·결근 한 장,다음,구현됨,"911df0b 다음 출퇴근 묶음: 005 연장근무 승인 후 반영, 006 출근 위치 확인(반경·경고/막기, 좌표 미저장), · lib/att-extras.ts",
020,키오스크 모드 — 매장 태블릿 1대 + PIN,나중,구현됨,"ba71bef 나중 묶음 1: 009 지각 사유 한 줄, 010 결근·지각 누적 알림(기준 설정), 020 매장 태블릿 키",
021,드래그 이동·복사 — 막대 끌어서 시간·직원 변경,3주차 · 근무표,구현됨,"3ad030c 지시서 3주차: 근무표 — 일간 끌어 옮기기·복사(021), 시간대별 필요 인원(022), 주간 공개·직원  · app/daily-schedule.tsx",
022,시간대별 필요 인원 — 부족·과잉 경고,3주차 · 근무표,구현됨,"3ad030c 지시서 3주차: 근무표 — 일간 끌어 옮기기·복사(021), 시간대별 필요 인원(022), 주간 공개·직원  · app/schedule-extras.tsx, lib/demo.ts, lib/schedule-rules.ts",
023,근무표 게시 + 직원 확인 — 누가 봤는지 표시,3주차 · 근무표,구현됨,"3ad030c 지시서 3주차: 근무표 — 일간 끌어 옮기기·복사(021), 시간대별 필요 인원(022), 주간 공개·직원  · app/schedule-extras.tsx",
024,변경 자동 알림 — 바뀐 직원에게만,2주차 · 알림 뼈대,구현됨,lib/schedule-publish.ts mergePublished — 근무 바뀐 직원만 다시 알림·확인,
025,승인 휴가 자동 반영 — 지금은 수동으로 빼야 함,3주차 · 근무표,구현됨,"3ad030c 지시서 3주차: 근무표 — 일간 끌어 옮기기·복사(021), 시간대별 필요 인원(022), 주간 공개·직원 ",
026,실시간 법정 경고 — 주 52시간·휴게·연속 근무,다음,구현됨,"31cd68c 다음 근무표 묶음: 026 7일 연속·근무 사이 휴식·하루 8시간 경고, 027 짜는 동안 예상 인건비(주휴",
027,예상 인건비 실시간 — 짜는 동안 합계 표시,다음,구현됨,"31cd68c 다음 근무표 묶음: 026 7일 연속·근무 사이 휴식·하루 8시간 경고, 027 짜는 동안 예상 인건비(주휴 · app/schedule-more.tsx",
028,빈 근무 공개 모집 — 선착순 지원,다음,구현됨,"31cd68c 다음 근무표 묶음: 026 7일 연속·근무 사이 휴식·하루 8시간 경고, 027 짜는 동안 예상 인건비(주휴 · app/schedule-more.tsx",
029,"공휴일·휴무일 표시 — 월간엔 이미 있음, 주간·일간에도",다음,구현됨,"31cd68c 다음 근무표 묶음: 026 7일 연속·근무 사이 휴식·하루 8시간 경고, 027 짜는 동안 예상 인건비(주휴 · app/schedule-more.tsx",
030,이미지로 공유 — 단톡방용 근무표 한 장,나중,구현됨,"a69d1e3 나중 묶음 3: 030 근무표 이미지로 공유, 049 시즌 직원 다시 부르기, 050 직원 화면 영어·중국어",
031,명세서 실제 발송 — 이메일이 아직 연결 대기,2주차 · 알림 뼈대,구현(외부 준비 필요),app/worker.ts send(Resend) · 전송함,RESEND_API_KEY·EMAIL_FROM 설정 필요
032,카카오 알림톡 발송 — 명세서·초대·근무표,2주차 · 알림 뼈대,구현(외부 준비 필요),lib/alimtalk-send.ts 솔라피 알림톡(명세서·초대·근무표 템플릿),솔라피 키·알림톡 템플릿 8개 필요
033,은행 대량이체 파일 — 급여 확정 → 이체 엑셀,4주차 · 급여 마감,구현됨,"0beb05b 지시서 4주차 보완: 033 은행 대량이체 파일, 043 매니저 권한 세분화(출퇴근 현황·연락처·인건비 합계",
034,확정 전 점검표 — 미퇴근·미승인·미체결 한 번에,4주차 · 급여 마감,구현됨,app/close-check.tsx MonthChecklist(미퇴근·미승인·미체결),
035,명세서 열람 확인 — 누가 열어봤는지,다음,구현됨,app/document-delivery.tsx DocumentStatus 열람·저장 시각,
036,주급·격주·일급 정산 — 월급 외 주기,다음,구현됨,"00bac1e 다음 급여 묶음: 036 주급·격주 정산(기간별 계산·지급 기록), 037 가불·선지급 기록 후 명세서 자동 · app/pay-more.tsx",
037,가불·선지급 차감 — 기록 후 자동 공제,다음,구현됨,"00bac1e 다음 급여 묶음: 036 주급·격주 정산(기간별 계산·지급 기록), 037 가불·선지급 기록 후 명세서 자동 · app/pay-more.tsx, lib/team-model.ts",
038,"퇴직자 최종 정산 — 14일 D-day, 미사용 연차 포함",다음,구현됨,"00bac1e 다음 급여 묶음: 036 주급·격주 정산(기간별 계산·지급 기록), 037 가불·선지급 기록 후 명세서 자동 · app/pay-more.tsx",
039,전월 대비 급증·급감 — 이상한 금액 표시,나중,구현됨,lib/payroll-close.ts compareMonths(크게 바뀜 표시),
040,급여 시뮬레이터 — 시급 올리면 총액 얼마,나중,구현됨,"0bf779a 나중 묶음 2: 040 급여 시뮬레이터, 057 연차 사용 촉진 서식 자동 채움·1차/2차 시기 알림, 05 · app/report-more.tsx",
041,서류 보관함 — 보건증·통장사본 사진,5주차 · 직원·매장,구현됨,"573fef9 지시서 5주차 보완: 041 서류 보관함, 042 입사 체크리스트(+157 첫 출근 때 재직 자동 전환), ",
042,입사 체크리스트 — 계약→서류→교육→QR 테스트,5주차 · 직원·매장,구현됨,"573fef9 지시서 5주차 보완: 041 서류 보관함, 042 입사 체크리스트(+157 첫 출근 때 재직 자동 전환), ",
043,매니저 권한 세분화 — 급여 숨김 등,4주차 · 급여 마감,구현됨,"0beb05b 지시서 4주차 보완: 033 은행 대량이체 파일, 043 매니저 권한 세분화(출퇴근 현황·연락처·인건비 합계",
044,퇴사 처리 순서 — 상실신고→최종급여→증명서,다음,구현됨,"00bac1e 다음 급여 묶음: 036 주급·격주 정산(기간별 계산·지급 기록), 037 가불·선지급 기록 후 명세서 자동 · app/pay-more.tsx",
045,시급 인상 예약 — 수습 종료일에 자동 변경,다음,구현됨,"ae372fc 3차 필수 ①②: 151 이메일 없이 등록, 152 업무 직접 추가, 153 근무 요일 버튼, 154·045 · lib/team-model.ts, lib/wage-raise.ts",
046,시급 변경 이력 — 언제 얼마로 바뀌었나,다음,구현됨,"ae372fc 3차 필수 ①②: 151 이메일 없이 등록, 152 업무 직접 추가, 153 근무 요일 버튼, 154·045 · lib/wage-raise.ts",
047,연소자 서류 확인 — 친권자 동의서,다음,구현됨,app/staff-docs.tsx '친권자 동의서' · lib/labor-checks.ts minorIssues,
048,추가 서류 서명 — 개인정보 동의·서약서,다음,구현됨,"9f95991 다음 매장 운영 묶음: 048·053 추가 서류·필수 확인 서명(양식·다시 알리기), 052 안 읽은 공지  · app/store-log.tsx",
049,시즌 직원 재등록 — 작년 직원 한 번에 불러오기,나중,구현됨,"a69d1e3 나중 묶음 3: 030 근무표 이미지로 공유, 049 시즌 직원 다시 부르기, 050 직원 화면 영어·중국어",
050,다국어 직원 화면 — 영어·중국어·베트남어,나중,구현(직원 화면),lib/staff-i18n.ts 직원 화면 영어·중국어·베트남어(메뉴·버튼·안내 80여 문구) · check-pay-rules,사장님 화면·긴 안내문 전체 번역은 아님
051,연차 자동 발생·잔여 — 입사일 기준 계산,3주차 · 근무표,구현됨,lib/annual-leave.ts annualLeave·leaveBalanceFor · check-pay-rules,
052,공지 미열람 재알림 — 안 읽은 사람에게만,다음,구현됨,"9f95991 다음 매장 운영 묶음: 048·053 추가 서류·필수 확인 서명(양식·다시 알리기), 052 안 읽은 공지  · lib/ops-alerts.ts",
053,필수 확인 서명 — 위생교육 등,다음,구현됨,"9f95991 다음 매장 운영 묶음: 048·053 추가 서류·필수 확인 서명(양식·다시 알리기), 052 안 읽은 공지  · app/store-log.tsx",
054,교대 인수인계 메모 — 다음 근무자에게,다음,구현됨,"9f95991 다음 매장 운영 묶음: 048·053 추가 서류·필수 확인 서명(양식·다시 알리기), 052 안 읽은 공지  · app/store-log-api.ts, app/store-log.tsx",
055,대타 자동 추천 — 가능 시간·주 15시간 영향,다음,구현됨,"9f95991 다음 매장 운영 묶음: 048·053 추가 서류·필수 확인 서명(양식·다시 알리기), 052 안 읽은 공지 ",
056,휴가 달력 — 겹치는 날 한눈에,다음,구현됨,lib/ops-view.ts leaveCalendar(같은 날 2명 이상 표시),
057,연차 사용 촉진 통보 — 서식 자동,나중,구현됨,"0bf779a 나중 묶음 2: 040 급여 시뮬레이터, 057 연차 사용 촉진 서식 자동 채움·1차/2차 시기 알림, 05",
058,익명 건의함 — 직원 → 사장님,나중,구현됨,"0bf779a 나중 묶음 2: 040 급여 시뮬레이터, 057 연차 사용 촉진 서식 자동 채움·1차/2차 시기 알림, 05",
059,1:1 메시지 — 사장님 ↔ 직원,나중,구현됨,"0bf779a 나중 묶음 2: 040 급여 시뮬레이터, 057 연차 사용 촉진 서식 자동 채움·1차/2차 시기 알림, 05",
060,생일·입사 기념일 알림 — 챙길 날 미리,나중,구현됨,"0bf779a 나중 묶음 2: 040 급여 시뮬레이터, 057 연차 사용 촉진 서식 자동 채움·1차/2차 시기 알림, 05",
061,오픈·마감 체크 실행 — 체크 + 사진 인증,5주차 · 직원·매장,구현됨,"573fef9 지시서 5주차 보완: 041 서류 보관함, 042 입사 체크리스트(+157 첫 출근 때 재직 자동 전환), ",
062,오늘 할 일 배정 — 직원별,다음,구현됨,"9f95991 다음 매장 운영 묶음: 048·053 추가 서류·필수 확인 서명(양식·다시 알리기), 052 안 읽은 공지  · app/store-log.tsx",
063,위생·온도 점검 기록 — 날짜별 보관,다음,구현됨,"9f95991 다음 매장 운영 묶음: 048·053 추가 서류·필수 확인 서명(양식·다시 알리기), 052 안 읽은 공지  · app/store-log-api.ts, app/store-log.tsx",
064,시재 마감 기록 — 현금 차액,다음,구현됨,"9f95991 다음 매장 운영 묶음: 048·053 추가 서류·필수 확인 서명(양식·다시 알리기), 052 안 읽은 공지  · app/store-log-api.ts, app/store-log.tsx",
065,고장·사고 신고 — 사진 한 장,다음,구현됨,"9f95991 다음 매장 운영 묶음: 048·053 추가 서류·필수 확인 서명(양식·다시 알리기), 052 안 읽은 공지  · app/store-log-api.ts, app/store-log.tsx",
066,신입 교육 이수 — 매뉴얼 읽음 + 퀴즈,다음,구현됨,"9f95991 다음 매장 운영 묶음: 048·053 추가 서류·필수 확인 서명(양식·다시 알리기), 052 안 읽은 공지 ",
067,점검 미완료 알림 — 마감 체크 없이 퇴근,다음,구현됨,"9f95991 다음 매장 운영 묶음: 048·053 추가 서류·필수 확인 서명(양식·다시 알리기), 052 안 읽은 공지  · app/cron-api.ts, lib/ops-alerts.ts",
068,재고·발주 요청 — 떨어진 물건 메모,나중,구현됨,"0bf779a 나중 묶음 2: 040 급여 시뮬레이터, 057 연차 사용 촉진 서식 자동 채움·1차/2차 시기 알림, 05",
069,고객 불만 기록 — 재발 방지,나중,구현됨,"0bf779a 나중 묶음 2: 040 급여 시뮬레이터, 057 연차 사용 촉진 서식 자동 채움·1차/2차 시기 알림, 05",
070,매뉴얼 동영상 — 사진 대신 영상,나중,구현됨,"a69d1e3 나중 묶음 3: 030 근무표 이미지로 공유, 049 시즌 직원 다시 부르기, 050 직원 화면 영어·중국어",
071,월별 인건비 추이 그래프 — 지금은 숫자만,6주차 · 보고,구현됨,app/report-extras.tsx 6개월 지급액 막대 그래프,
072,매출 입력·POS 연동 — 인건비율 % 자동,6주차 · 보고,구현됨,"95c740e 지시서 6주차 보완: 072 POS·카드 매출 파일 올리기, 073 월요일 주간 리포트, 081 아침 8시 ",
073,주간 자동 리포트 — 월요일 아침 요약,6주차 · 보고,구현됨,"95c740e 지시서 6주차 보완: 072 POS·카드 매출 파일 올리기, 073 월요일 주간 리포트, 081 아침 8시  · lib/briefing.ts",
074,[원문 없음 — 내용 확정 필요],미정,원문 누락,원문에 내용이 없어 기능을 만들지 않음,
075,시간대별 적정 인원 — 매출 대비,다음,구현됨,"c1de142 다음 리포트·연동 묶음: 075 시간대별 적정 인원(결제 시각 매출 기준), 076 지각률·결근률, 077 ",
076,직원별 근태 요약 — 지각률·결근률,다음,구현됨,"c1de142 다음 리포트·연동 묶음: 075 시간대별 적정 인원(결제 시각 매출 기준), 076 지각률·결근률, 077 ",
077,수당 발생 분석 — 연장·야간·주휴,다음,구현됨,"c1de142 다음 리포트·연동 묶음: 075 시간대별 적정 인원(결제 시각 매출 기준), 076 지각률·결근률, 077 ",
078,근속·퇴사율 — 몇 달 다니고 나가나,나중,구현됨,"0bf779a 나중 묶음 2: 040 급여 시뮬레이터, 057 연차 사용 촉진 서식 자동 채움·1차/2차 시기 알림, 05 · app/report-more.tsx",
079,다음 달 인건비 예측 — 근무표 기준,나중,구현됨,"0bf779a 나중 묶음 2: 040 급여 시뮬레이터, 057 연차 사용 촉진 서식 자동 채움·1차/2차 시기 알림, 05 · app/report-more.tsx",
080,리포트 PDF 저장 — 보고·대출 서류용,나중,구현됨,app/report-extras.tsx 인쇄·PDF로 저장,
081,아침 브리핑 — 오늘 근무자·이슈·할 일,6주차 · 보고,구현됨,"95c740e 지시서 6주차 보완: 072 POS·카드 매출 파일 올리기, 073 월요일 주간 리포트, 081 아침 8시  · app/cron-api.ts, lib/briefing.ts",
082,실행 되돌리기 — 비서가 바꾼 것 취소,4주차 · 급여 마감,구현됨,"0beb05b 지시서 4주차 보완: 033 은행 대량이체 파일, 043 매니저 권한 세분화(출퇴근 현황·연락처·인건비 합계",
083,음성 입력 — 말로 시키기,다음,구현됨,"c1de142 다음 리포트·연동 묶음: 075 시간대별 적정 인원(결제 시각 매출 기준), 076 지각률·결근률, 077 ",
084,카카오톡에서 비서 — 앱 안 열고,다음,구현(외부 준비 필요),"3fc2e85 다음 프랜차이즈·보안 묶음: 084 카카오톡 채널 비서(스킬 서버·연결 코드), 093 지점 간 지원 근무·",카카오 i 오픈빌더 챗봇·KAKAO_SKILL_KEY 필요
085,근로감독 대비 서류 묶음 — 3년치 한 번에,다음,구현됨,"c1de142 다음 리포트·연동 묶음: 075 시간대별 적정 인원(결제 시각 매출 기준), 076 지각률·결근률, 077 ",
086,캘린더 구독 — 내 근무를 폰 달력에,다음,구현됨,"c1de142 다음 리포트·연동 묶음: 075 시간대별 적정 인원(결제 시각 매출 기준), 076 지각률·결근률, 077 ",
087,타 서비스 데이터 이전 — 근무·급여 이력까지 엑셀로,다음,구현됨,"c1de142 다음 리포트·연동 묶음: 075 시간대별 적정 인원(결제 시각 매출 기준), 076 지각률·결근률, 077 ",
088,사진으로 근무표 등록 — 손글씨·엑셀 사진,나중,구현(대안),"app/schedule-photo.tsx·lib/schedule-paste.ts — 사진을 옆에 띄우고 엑셀 표 붙여넣기·한 줄 입력으로 근무 생성, 기기 지원 시 사진 글자 읽기 · check-pay-rules",손글씨 사진 자동 인식은 별도 이미지 인식 서비스 필요
089,"직원용 비서 — ""내 급여 왜 이래요?""",나중,구현됨,"0bf779a 나중 묶음 2: 040 급여 시뮬레이터, 057 연차 사용 촉진 서식 자동 채움·1차/2차 시기 알림, 05",
090,오픈 API·웹훅 — 사내 ERP 연결,나중,구현됨,"a69d1e3 나중 묶음 3: 030 근무표 이미지로 공유, 049 시즌 직원 다시 부르기, 050 직원 화면 영어·중국어",
091,전 지점 실시간 현황판 — 지금 어디 몇 명,6주차 · 보고,구현됨,"95c740e 지시서 6주차 보완: 072 POS·카드 매출 파일 올리기, 073 월요일 주간 리포트, 081 아침 8시 ",
092,5분 시작 마법사 — 가입 직후 필수만,5주차 · 직원·매장,구현됨,"573fef9 지시서 5주차 보완: 041 서류 보관함, 042 입사 체크리스트(+157 첫 출근 때 재직 자동 전환), ",
093,지점 간 지원 근무 — 급여 지점별 배분,다음,구현됨,"3fc2e85 다음 프랜차이즈·보안 묶음: 084 카카오톡 채널 비서(스킬 서버·연결 코드), 093 지점 간 지원 근무· · app/branch-more.tsx, lib/branch-support.ts",
094,본사 공지·매뉴얼 일괄 배포 — 전 지점 한 번에,다음,구현됨,"3fc2e85 다음 프랜차이즈·보안 묶음: 084 카카오톡 채널 비서(스킬 서버·연결 코드), 093 지점 간 지원 근무· · app/branch-more.tsx, app/multi-store-api.ts",
095,가맹점 표준 템플릿 — 근무표·계약서·매뉴얼 복제,다음,구현됨,"3fc2e85 다음 프랜차이즈·보안 묶음: 084 카카오톡 채널 비서(스킬 서버·연결 코드), 093 지점 간 지원 근무· · app/multi-store-api.ts",
096,지점별 준수 현황 — 계약 체결률·명세서 발송률,다음,구현됨,"3fc2e85 다음 프랜차이즈·보안 묶음: 084 카카오톡 채널 비서(스킬 서버·연결 코드), 093 지점 간 지원 근무· · app/branch-more.tsx, lib/branch-support.ts",
097,세무사 전용 계정 — 읽기 전용,다음,구현됨,"3fc2e85 다음 프랜차이즈·보안 묶음: 084 카카오톡 채널 비서(스킬 서버·연결 코드), 093 지점 간 지원 근무·",
098,2단계 인증·로그인 기록 — 급여 화면 보호,다음,구현,"lib/totp.ts·app/auth-api.ts·app/totp-ui.tsx 인증 앱 2단계 인증(비상 코드 10개, 코드 없는 세션 서버에서 차단) + 로그인 기록 + 급여 화면 잠금 · scripts/check-totp.mjs",
099,삭제 복구 — 휴지통 30일,다음,구현됨,"3fc2e85 다음 프랜차이즈·보안 묶음: 084 카카오톡 채널 비서(스킬 서버·연결 코드), 093 지점 간 지원 근무·",
100,개인정보 열람 기록 — 연락처 보기 누른 이력,나중,구현됨,"a69d1e3 나중 묶음 3: 030 근무표 이미지로 공유, 049 시즌 직원 다시 부르기, 050 직원 화면 영어·중국어 / eb9bf6b 작업 지시서 100개를 docs/TASKS-100.md로 보관",
101,근무 전 알림 — 근무 1시간 전 직원 폰으로,2주차 · 알림 뼈대,구현됨,lib/alert-sweep.ts,
102,QR 안 될 때 대체 출근 — 매장 코드 6자리 입력,8주차 · 직원 화면,구현됨,"4588e89 지시서 8주차 보완: 102 매장 코드 6자리 출퇴근, 104 내 증명서 보기(+198 발급 이력), 105",
103,오늘까지 번 급여 — 이번 달 예상 금액,8주차 · 직원 화면,구현됨,app/staff-extras.tsx PayEstimate(이번 달 예상),
104,내 계약서·증명서 보기 — 직원이 직접 꺼내 보기,8주차 · 직원 화면,구현됨,"4588e89 지시서 8주차 보완: 102 매장 코드 6자리 출퇴근, 104 내 증명서 보기(+198 발급 이력), 105",
105,"명세서 이의 신청 — ""이 항목이 이상해요"" 버튼",8주차 · 직원 화면,구현됨,"4588e89 지시서 8주차 보완: 102 매장 코드 6자리 출퇴근, 104 내 증명서 보기(+198 발급 이력), 105 · app/payroll-close.tsx, app/worker.ts",
106,내 정보 변경 요청 — 연락처·계좌,8주차 · 직원 화면,구현됨,"4588e89 지시서 8주차 보완: 102 매장 코드 6자리 출퇴근, 104 내 증명서 보기(+198 발급 이력), 105 · app/worker.ts",
107,가능 시간 제출 마감 알림 — 안 낸 직원에게만,3주차 · 근무표,구현됨,"3ad030c 지시서 3주차: 근무표 — 일간 끌어 옮기기·복사(021), 시간대별 필요 인원(022), 주간 공개·직원 ",
108,여러 가게 전환 — 한 계정으로 두 매장,11주차 · 계정·데이터,구현됨,"d5a1a4f 지시서 11주차 보완: 108 여러 가게 전환, 145 공동 관리자(초대 링크·내보내기), 147 매주 자동 · app/coowner.tsx, app/saas-api.ts",
109,카카오 간편 로그인 — 비밀번호 없이,10주차 · 결제·지원,구현(외부 준비 필요),"f2f34b7 지시서 10주차 보완: 143 결제 실패 7일 유예, 144 카카오톡 1:1 상담 버튼(채널 주소 넣으면 보",Supabase 카카오 로그인·KAKAO_LOGIN 설정 필요
110,중요한 공지 고정 — 직원 첫 화면 맨 위,8주차 · 직원 화면,구현됨,"4588e89 지시서 8주차 보완: 102 매장 코드 6자리 출퇴근, 104 내 증명서 보기(+198 발급 이력), 105",
111,퇴직금 자동 채움 — 지금은 임금 총액을 직접 입력,7주차 · 급여 정확도,구현됨,"132b17d 지시서 7주차 보완: 111 퇴직금 확정 급여로 채우기, 112 공휴일 유급휴일수당 자동, 113 최저임금 ",
112,공휴일 유급수당 자동 계산 — 지금은 직접 입력,7주차 · 급여 정확도,구현됨,"132b17d 지시서 7주차 보완: 111 퇴직금 확정 급여로 채우기, 112 공휴일 유급휴일수당 자동, 113 최저임금 ",
113,시급 입력 때 최저임금 경고 — 저장 전에 막기,7주차 · 급여 정확도,구현됨,"132b17d 지시서 7주차 보완: 111 퇴직금 확정 급여로 채우기, 112 공휴일 유급휴일수당 자동, 113 최저임금 ",
114,주 15시간 넘김 경고 — 주휴수당 생기는 순간,3주차 · 근무표,구현됨,"3ad030c 지시서 3주차: 근무표 — 일간 끌어 옮기기·복사(021), 시간대별 필요 인원(022), 주간 공개·직원  · lib/schedule-rules.ts",
115,신고 기한 달력 — 원천세·4대보험·지급명세서,7주차 · 급여 정확도,구현됨,"132b17d 지시서 7주차 보완: 111 퇴직금 확정 급여로 채우기, 112 공휴일 유급휴일수당 자동, 113 최저임금  · app/cron-api.ts, app/payroll-close.tsx, lib/tax-calendar.ts",
116,4대보험 취득·상실 알림 — 입사·퇴사 때 기한 표시,7주차 · 급여 정확도,구현됨,"132b17d 지시서 7주차 보완: 111 퇴직금 확정 급여로 채우기, 112 공휴일 유급휴일수당 자동, 113 최저임금  · app/payroll-close.tsx, lib/tax-calendar.ts",
117,급여일 전 미확정 알림 — 지급일 3일 전,4주차 · 급여 마감,구현됨,lib/alert-sweep.ts,
118,지급 완료 체크 — 이체 끝 표시 + 직원 알림,4주차 · 급여 마감,구현됨,"0beb05b 지시서 4주차 보완: 033 은행 대량이체 파일, 043 매니저 권한 세분화(출퇴근 현황·연락처·인건비 합계",
119,명세서 정정 재발행 — 고친 이력 남김,4주차 · 급여 마감,구현됨,"0beb05b 지시서 4주차 보완: 033 은행 대량이체 파일, 043 매니저 권한 세분화(출퇴근 현황·연락처·인건비 합계",
120,지원금 대상 알림 — 두루누리 등,7주차 · 급여 정확도,구현됨,"132b17d 지시서 7주차 보완: 111 퇴직금 확정 급여로 채우기, 112 공휴일 유급휴일수당 자동, 113 최저임금  · lib/tax-calendar.ts",
121,직원 검색·필터·표 보기 — 지금은 카드 나열,5주차 · 직원·매장,구현됨,"573fef9 지시서 5주차 보완: 041 서류 보관함, 042 입사 체크리스트(+157 첫 출근 때 재직 자동 전환),  · lib/staff-roster.ts",
122,"퇴사자 보관함 — 재직자와 분리, 3년 보관",5주차 · 직원·매장,구현됨,"573fef9 지시서 5주차 보완: 041 서류 보관함, 042 입사 체크리스트(+157 첫 출근 때 재직 자동 전환), ",
123,퇴사 직원 접속 차단 — 퇴사일에 자동,5주차 · 직원·매장,구현됨,"573fef9 지시서 5주차 보완: 041 서류 보관함, 042 입사 체크리스트(+157 첫 출근 때 재직 자동 전환), ",
124,근로자 명부 자동 생성 — 3년 보존 서류,9주차 · 계약·증빙,구현됨,"f618c18 지시서 9주차 보완: 124 근로자 명부(법정 기재 사항·퇴직 사유), 128 서식함(사직서·경고·해고예고·",
125,계약서 필수 항목 누락 검사 — 임금·시간·휴일·연차,9주차 · 계약·증빙,구현됨,lib/labor-checks.ts contractMissing(필수 기재사항 누락),
126,근로조건 변경 계약서 — 시급·시간 바뀔 때,9주차 · 계약·증빙,구현됨,app/worker.ts contract reset '변경 계약 시작',
127,연소자 근무 제한 — 야간·주 35시간 차단,3주차 · 근무표,구현됨,"3ad030c 지시서 3주차: 근무표 — 일간 끌어 옮기기·복사(021), 시간대별 필요 인원(022), 주간 공개·직원  · lib/schedule-rules.ts",
128,서식함 — 사직서·경고장·해고예고 통지,9주차 · 계약·증빙,구현됨,"f618c18 지시서 9주차 보완: 124 근로자 명부(법정 기재 사항·퇴직 사유), 128 서식함(사직서·경고·해고예고· · app/legal-desk.tsx",
129,법정 의무교육 체크 — 성희롱 예방 등 이수 기록,9주차 · 계약·증빙,구현됨,"f618c18 지시서 9주차 보완: 124 근로자 명부(법정 기재 사항·퇴직 사유), 128 서식함(사직서·경고·해고예고· · app/legal-desk.tsx",
130,개인정보 파기 알림 — 보존 기간 끝난 퇴사자,9주차 · 계약·증빙,구현됨,"f618c18 지시서 9주차 보완: 124 근로자 명부(법정 기재 사항·퇴직 사유), 128 서식함(사직서·경고·해고예고·",
131,알림 모아보기 — 지난 알림 한곳에,2주차 · 알림 뼈대,구현됨,app/notify-bell.tsx,
132,알림 고르기 — 받을 알림만 켜기,2주차 · 알림 뼈대,구현됨,lib/notify-kinds.ts·app/notify-bell.tsx 받을 알림 고르기,
133,날짜 이동 — 이전·다음·오늘,2라운드 · 출퇴근 기록 화면 8개,구현됨,app/attendance-page.tsx,
134,중복 근무 시간 안내 접기 — 화면 낭독기용 안내 유지,2라운드 · 출퇴근 기록 화면 8개,구현됨,app/attendance-page.tsx 일간 시간표 아래 목록은 화면 낭독기용(sr-only),
135,휴대폰용 카드 보기 — 옆으로 미는 표 대신,11주차 · 계정·데이터,구현됨,"d5a1a4f 지시서 11주차 보완: 108 여러 가게 전환, 145 공동 관리자(초대 링크·내보내기), 147 매주 자동",
136,이름으로 전체 검색 — 어느 화면에서든,11주차 · 계정·데이터,구현됨,"d5a1a4f 지시서 11주차 보완: 108 여러 가게 전환, 145 공동 관리자(초대 링크·내보내기), 147 매주 자동",
137,저장됨 표시·실수 방지 — 지우기 전에 한 번 확인,11주차 · 계정·데이터,구현됨,"d5a1a4f 지시서 11주차 보완: 108 여러 가게 전환, 145 공동 관리자(초대 링크·내보내기), 147 매주 자동",
138,출퇴근 기록 인쇄·PDF — 근무표처럼,9주차 · 계약·증빙,구현됨,"f618c18 지시서 9주차 보완: 124 근로자 명부(법정 기재 사항·퇴직 사유), 128 서식함(사직서·경고·해고예고·",
139,발송 실패 다시 보내기 — 전송함에서,2주차 · 알림 뼈대,구현됨,app/worker.ts send — 실패·결과 확인 필요 건 다시 보내기(5번까지),
140,오늘 인건비 누적 — 홈 첫 화면,6주차 · 보고,구현됨,"95c740e 지시서 6주차 보완: 072 POS·카드 매출 파일 올리기, 073 월요일 주간 리포트, 081 아침 8시 ",
141,세금계산서·영수증 발행 — 결제 내역에서 바로,10주차 · 결제·지원,구현(외부 준비 필요),app/billing.tsx 세금계산서 정보·발행 요청,결제(토스페이먼츠) 연결 후 실제 발행
142,체험 종료 전 안내 — 끝나도 데이터 유지,10주차 · 결제·지원,구현됨,lib/plans.ts trialNotice · cron 체험 종료 7일·1일 전(데이터 유지),
143,결제 실패 유예 — 바로 잠그지 않기,10주차 · 결제·지원,구현(외부 준비 필요),"f2f34b7 지시서 10주차 보완: 143 결제 실패 7일 유예, 144 카카오톡 1:1 상담 버튼(채널 주소 넣으면 보",결제 연결 후 동작
144,1:1 문의 — 카톡 상담 버튼,10주차 · 결제·지원,구현(외부 준비 필요),"f2f34b7 지시서 10주차 보완: 143 결제 실패 7일 유예, 144 카카오톡 1:1 상담 버튼(채널 주소 넣으면 보",카카오 채널 주소(lib/operator.ts) 필요
145,공동 관리자 — 가족·동업자 계정,11주차 · 계정·데이터,구현됨,"d5a1a4f 지시서 11주차 보완: 108 여러 가게 전환, 145 공동 관리자(초대 링크·내보내기), 147 매주 자동 · app/coowner.tsx",
146,가게 양도 — 사장님 계정 이전,11주차 · 계정·데이터,구현됨,가게 양도 · scripts/check-transfer.mjs,
147,자동 백업 — 매주 파일로,11주차 · 계정·데이터,구현됨,"d5a1a4f 지시서 11주차 보완: 108 여러 가게 전환, 145 공동 관리자(초대 링크·내보내기), 147 매주 자동",
148,장애·점검 공지 — 출근 못 찍을 때 안내,10주차 · 결제·지원,구현됨,"f2f34b7 지시서 10주차 보완: 143 결제 실패 7일 유예, 144 카카오톡 1:1 상담 버튼(채널 주소 넣으면 보",
149,오프라인 출근 임시 저장 — 인터넷 끊겨도 기록,8주차 · 직원 화면,구현됨,"4588e89 지시서 8주차 보완: 102 매장 코드 6자리 출퇴근, 104 내 증명서 보기(+198 발급 이력), 105",
150,전체 데이터 엑셀 내보내기 — 지금은 JSON만,11주차 · 계정·데이터,구현됨,"d5a1a4f 지시서 11주차 보완: 108 여러 가게 전환, 145 공동 관리자(초대 링크·내보내기), 147 매주 자동",
151,"이메일 없이 등록 — 지금은 이메일 필수, 휴대폰 번호만으로",3차 필수 ① 직원 등록,구현됨,"ae372fc 3차 필수 ①②: 151 이메일 없이 등록, 152 업무 직접 추가, 153 근무 요일 버튼, 154·045",
152,업무 종류 직접 추가 — 지금은 홀·주방·매니저뿐,3차 필수 ① 직원 등록,구현됨,"ae372fc 3차 필수 ①②: 151 이메일 없이 등록, 152 업무 직접 추가, 153 근무 요일 버튼, 154·045",
153,근무 요일 버튼 선택 — 지금은 글로 입력,3차 필수 ① 직원 등록,구현됨,"ae372fc 3차 필수 ①②: 151 이메일 없이 등록, 152 업무 직접 추가, 153 근무 요일 버튼, 154·045",
154,시급 일괄 인상 — 최저임금 오를 때 한 번에,3차 필수 ① 직원 등록,구현됨,"ae372fc 3차 필수 ①②: 151 이메일 없이 등록, 152 업무 직접 추가, 153 근무 요일 버튼, 154·045 · app/bulk-edit.tsx, lib/wage-raise.ts",
155,직원 여러 명 한 번에 수정 — 지점·업무·시급,3차 필수 ① 직원 등록,구현됨,"ae372fc 3차 필수 ①②: 151 이메일 없이 등록, 152 업무 직접 추가, 153 근무 요일 버튼, 154·045 · app/bulk-edit.tsx",
156,"겸직 포지션 — 홀+주방, 포지션별 시급",3차 필수 ① 직원 등록,구현됨,"ae372fc 3차 필수 ①②: 151 이메일 없이 등록, 152 업무 직접 추가, 153 근무 요일 버튼, 154·045",
157,입사 준비 → 재직 자동 전환 — 지금은 직접 바꿔야 함,3차 필수 ① 직원 등록,구현됨,"573fef9 지시서 5주차 보완: 041 서류 보관함, 042 입사 체크리스트(+157 첫 출근 때 재직 자동 전환), ",
158,비상 연락처 — 사고 때 연락할 사람,3차 필수 ① 직원 등록,구현됨,lib/team-model.ts emergencyName·emergencyPhone · 직원 정보 변경 요청,
159,직원 사진 — 얼굴로 구분,3차 필수 ① 직원 등록,구현됨,"ae372fc 3차 필수 ①②: 151 이메일 없이 등록, 152 업무 직접 추가, 153 근무 요일 버튼, 154·045",
160,근무표 표시 순서 — 직원 줄 순서 정하기,3차 필수 ① 직원 등록,구현됨,"ae372fc 3차 필수 ①②: 151 이메일 없이 등록, 152 업무 직접 추가, 153 근무 요일 버튼, 154·045 · app/avatar.tsx",
161,"월간에서 끌어 옮기기 — 꾹 눌러 다른 날로, 지금은 글자만",3차 필수 ② 근무표 편집,구현됨,"app/month-schedule.tsx 월간 끌어 옮기기(1라운드 B, e0da2db)",
162,여러 명 한 번에 근무 추가 — 지금은 한 명씩,3차 필수 ② 근무표 편집,구현됨,"ae372fc 3차 필수 ①②: 151 이메일 없이 등록, 152 업무 직접 추가, 153 근무 요일 버튼, 154·045",
163,"근무에 메모·업무 표시 — 오픈 준비, 포지션",3차 필수 ② 근무표 편집,구현됨,"ae372fc 3차 필수 ①②: 151 이메일 없이 등록, 152 업무 직접 추가, 153 근무 요일 버튼, 154·045",
164,근무 통째로 옮기기·지우기 — 하루·한 주 단위,3차 필수 ② 근무표 편집,구현됨,"ae372fc 3차 필수 ①②: 151 이메일 없이 등록, 152 업무 직접 추가, 153 근무 요일 버튼, 154·045 · lib/schedule-bulk.ts",
165,반복 근무 한꺼번에 고치기 — 이후 일정 모두,3차 필수 ② 근무표 편집,구현됨,"ae372fc 3차 필수 ①②: 151 이메일 없이 등록, 152 업무 직접 추가, 153 근무 요일 버튼, 154·045 · lib/schedule-bulk.ts",
166,근무표 되돌리기 — 방금 바꾼 것 취소,3차 필수 ② 근무표 편집,구현됨,"ae372fc 3차 필수 ①②: 151 이메일 없이 등록, 152 업무 직접 추가, 153 근무 요일 버튼, 154·045",
167,주간 표에서 바로 입력 — 칸 눌러 시간 넣기,3차 필수 ② 근무표 편집,구현됨,"ae372fc 3차 필수 ①②: 151 이메일 없이 등록, 152 업무 직접 추가, 153 근무 요일 버튼, 154·045",
168,휴대폰 월간에 이름 표시 — 지금은 사람 수만,3차 필수 ② 근무표 편집,구현됨,"ae372fc 3차 필수 ①②: 151 이메일 없이 등록, 152 업무 직접 추가, 153 근무 요일 버튼, 154·045",
169,직원별 색 구분 — 누구 근무인지 한눈에,3차 필수 ② 근무표 편집,구현됨,"ae372fc 3차 필수 ①②: 151 이메일 없이 등록, 152 업무 직접 추가, 153 근무 요일 버튼, 154·045 · lib/schedule-bulk.ts",
170,근무표 변경 이력 — 누가 언제 바꿨나,3차 필수 ② 근무표 편집,구현됨,"ae372fc 3차 필수 ①②: 151 이메일 없이 등록, 152 업무 직접 추가, 153 근무 요일 버튼, 154·045",
171,휴가 승인·반려 버튼 — 목록에서 바로,3차 필수 ③ 휴가·공지·매뉴얼,구현됨,"app/ops-board.tsx 승인·반려(1라운드 C, 332429e)",
172,휴가 상태 색 배지 — 대기·승인·반려,3차 필수 ③ 휴가·공지·매뉴얼,구현됨,app/ops-board.tsx StatusBadge(1라운드 C),
173,대타 승인 시 근무표 자동 변경 — 승인 한 번으로 끝,3차 필수 ③ 휴가·공지·매뉴얼,구현됨,app/operations-api.ts 대타 승인과 근무표 변경 함께 저장(1라운드 C),
174,공지 쓰기 창 — 제목·내용·사진,3차 필수 ③ 휴가·공지·매뉴얼,구현됨,app/ops-board.tsx 공지 쓰기(제목·내용·사진),
175,공지 대상 고르기 — 전체·업무별·개인,3차 필수 ③ 휴가·공지·매뉴얼,구현됨,lib/ops-view.ts noticeAudience 전체·업무·개인,
176,공지 예약 발송 — 내일 아침 8시에,3차 필수 ③ 휴가·공지·매뉴얼,구현됨,app/operations-api.ts publishAt 예약 공지,
177,매뉴얼 단계 번호·큰 사진 — 지금은 글만 나열,3차 필수 ③ 휴가·공지·매뉴얼,구현됨,"app/manual.tsx 단계 번호·큰 사진(1라운드 D, f432cae)",
178,매뉴얼 검색·분류 — 오픈·마감·기기·위생,3차 필수 ③ 휴가·공지·매뉴얼,구현됨,lib/manual-view.ts filterManuals 검색·분류,
179,매뉴얼 업무별 공개 — 주방 직원에겐 주방 것만,3차 필수 ③ 휴가·공지·매뉴얼,구현됨,lib/manual-view.ts manualVisibleTo 업무별 공개,
180,매뉴얼 바뀜 표시 — 수정하면 직원에게 알림,3차 필수 ③ 휴가·공지·매뉴얼,구현됨,"3fc2e85 다음 프랜차이즈·보안 묶음: 084 카카오톡 채널 비서(스킬 서버·연결 코드), 093 지점 간 지원 근무· · app/accountant-share.tsx",
181,결근 주 주휴수당 자동 판정 — 지금은 개근 여부를 직접 확인,3차 필수 ④ 급여 세부,구현됨,lib/team-model.ts calculate 주휴 개근 자동 판정(juhuSkipped·개근 인정),
182,달 중간 시급 변경 반영 — 기간 나눠 계산,3차 필수 ④ 급여 세부,구현됨,"ae372fc 3차 필수 ①②: 151 이메일 없이 등록, 152 업무 직접 추가, 153 근무 요일 버튼, 154·045 · lib/team-model.ts",
183,월급 직원 결근·지각 공제 — 규칙대로 자동,3차 필수 ④ 급여 세부,구현됨,"2fb83de 3차 필수 ④ 급여 세부: 183 월급 결근·지각 공제(켠 직원만), 185 인센티브 규칙, 186 확정 후",
184,상여·명절 보너스 일괄 지급 — 전 직원 한 번에,3차 필수 ④ 급여 세부,구현됨,app/payroll-close.tsx BulkAdjust 상여 일괄 지급,
185,인센티브 규칙 — 매출·건수에 따라 자동,3차 필수 ④ 급여 세부,구현됨,"2fb83de 3차 필수 ④ 급여 세부: 183 월급 결근·지각 공제(켠 직원만), 185 인센티브 규칙, 186 확정 후",
186,확정 후 추가 지급 — 빠진 금액 소급,3차 필수 ④ 급여 세부,구현됨,"2fb83de 3차 필수 ④ 급여 세부: 183 월급 결근·지각 공제(켠 직원만), 185 인센티브 규칙, 186 확정 후 · app/payroll-close.tsx",
187,명세서 전 직원 PDF 묶음 — 한 파일로,3차 필수 ④ 급여 세부,구현됨,"2fb83de 3차 필수 ④ 급여 세부: 183 월급 결근·지각 공제(켠 직원만), 185 인센티브 규칙, 186 확정 후 · app/payroll-close.tsx",
188,연말정산 자료 발급 — 원천징수영수증,3차 필수 ④ 급여 세부,구현됨,"2fb83de 3차 필수 ④ 급여 세부: 183 월급 결근·지각 공제(켠 직원만), 185 인센티브 규칙, 186 확정 후 · app/payroll-close.tsx",
189,세무사 프로그램 양식 — 받는 쪽 양식으로 내보내기,3차 필수 ④ 급여 세부,구현됨,"2fb83de 3차 필수 ④ 급여 세부: 183 월급 결근·지각 공제(켠 직원만), 185 인센티브 규칙, 186 확정 후 · app/payroll-close.tsx",
190,급여 메모 — 이번 달만 다른 이유,3차 필수 ④ 급여 세부,구현됨,"2fb83de 3차 필수 ④ 급여 세부: 183 월급 결근·지각 공제(켠 직원만), 185 인센티브 규칙, 186 확정 후",
191,영업시간·정기 휴무 설정 — 시간표·필요 인원의 기준,3차 필수 ⑤ 사장님 일상,구현됨,app/schedule-extras.tsx BranchHours 영업시간·정기 휴무,
192,"초대 상태 보기 — 보냄·가입·미가입, 다시 보내기",3차 필수 ⑤ 사장님 일상,구현됨,"514d0a4 3차 필수 ⑤ 사장님 일상: 192 초대 상태·다시 보내기, 193 합류 신청 알림, 194 대리 승인자, ",
193,합류 신청 알림 — 신청 오면 바로,3차 필수 ⑤ 사장님 일상,구현됨,"514d0a4 3차 필수 ⑤ 사장님 일상: 192 초대 상태·다시 보내기, 193 합류 신청 알림, 194 대리 승인자, ",
194,대리 승인자 — 사장님 부재 때 매니저가,3차 필수 ⑤ 사장님 일상,구현됨,"514d0a4 3차 필수 ⑤ 사장님 일상: 192 초대 상태·다시 보내기, 193 합류 신청 알림, 194 대리 승인자,  · app/owner-settings.tsx",
195,오래된 요청 재알림 — 3일 넘게 대기 중,3차 필수 ⑤ 사장님 일상,구현됨,"514d0a4 3차 필수 ⑤ 사장님 일상: 192 초대 상태·다시 보내기, 193 합류 신청 알림, 194 대리 승인자, ",
196,연속 승인 — 요청을 한 건씩 넘기며 처리,3차 필수 ⑤ 사장님 일상,구현됨,"514d0a4 3차 필수 ⑤ 사장님 일상: 192 초대 상태·다시 보내기, 193 합류 신청 알림, 194 대리 승인자, ",
197,직인·사업자 정보 등록 — 계약서·증명서에 자동,3차 필수 ⑤ 사장님 일상,구현됨,"514d0a4 3차 필수 ⑤ 사장님 일상: 192 초대 상태·다시 보내기, 193 합류 신청 알림, 194 대리 승인자,  · app/owner-settings.tsx",
198,증명서 발급 이력 — 누가 언제 무엇을,3차 필수 ⑤ 사장님 일상,구현됨,"4588e89 지시서 8주차 보완: 102 매장 코드 6자리 출퇴근, 104 내 증명서 보기(+198 발급 이력), 105",
199,근무표 자동 게시 예약 — 매주 금요일 저녁,3차 필수 ⑤ 사장님 일상,구현됨,"514d0a4 3차 필수 ⑤ 사장님 일상: 192 초대 상태·다시 보내기, 193 합류 신청 알림, 194 대리 승인자,  · app/owner-settings.tsx",
200,직원 계정 삭제 요청 처리 — 탈퇴·개인정보 삭제,3차 필수 ⑤ 사장님 일상,구현됨,"514d0a4 3차 필수 ⑤ 사장님 일상: 192 초대 상태·다시 보내기, 193 합류 신청 알림, 194 대리 승인자, ",
