번호,항목,분류,상태(2026-10-10),근거,남은 일
B001,출근 직후 오늘 할 일·공지 요약 카드 — 찍고 바로 확인,출퇴근,🆕 구현,e763492 · 출근 직후 요약 카드(30분),
B002,퇴근 직후 오늘 일한 시간·번 돈 요약,출퇴근,🆕 구현,e763492 · 퇴근 직후 시간·세전 금액 요약,
B003,근무 시작 알림에 '출근 찍기' 바로가기,출퇴근,🆕 구현,52a7a0f · lib/alert-sweep.ts 근무 전 알림에 /app?clock=1,
B004,지각 유예 시간 설정 — 3·5·10분까지는 정상,출퇴근,✅ 이미 있음,설정 지각 판정 관대 10분·보통 5분·엄격 0분,
B005,휴게 끝나기 5분 전 직원 알림,출퇴근,🆕 구현,52a7a0f · lib/improve2.ts workAlerts + 알림 점검,
B006,휴게 없이 4시간 넘게 일한 직원 경고 — 근로기준법 제54조,출퇴근,🆕 구현,52a7a0f · lib/improve2.ts workAlerts(직원·사장님),
B007,사장님 기록 수정 사유 필수 + 수정 전후 이력,출퇴근,✅ 이미 있음,수정 사유 필수·수정 전후 이력,
B008,QR 화면 꺼짐 방지 — 매장 화면이 잠기지 않게,출퇴근,✅ 이미 있음,live-qr.tsx 화면 꺼짐 방지,
B009,홈 화면 '출근' 바로가기 아이콘 — 앱 아이콘 길게 누르면,출퇴근,✅ 이미 있음,앱 아이콘 바로 출퇴근,
B010,직원 화면에 이번 달 지각·조퇴 횟수,출퇴근,🆕 구현,52a7a0f · app/improve2-staff.tsx 오늘 한눈에,
B011,외근·출장 근무 기록 — 매장 밖 근무는 위치 예외,출퇴근,🆕 구현,"e763492 · 근무표 ""외근""인 날 매장 밖 출근 허용·표시",
B012,교육·회의 시간 기록 — 근무 종류 구분,출퇴근,🆕 구현,e763492 · 근무 종류 교육·회의·외근,
B013,급여 확정한 달 출퇴근 잠금 — 고치려면 정정 절차,출퇴근,✅ 이미 있음,급여 확정 달 잠금·사유 후 해제,
B014,비정상 긴 근무 표시 — 16시간 넘는 기록 확인 요청,출퇴근,🆕 구현,52a7a0f · lib/improve2.ts workAlerts long,
B015,사장님 출퇴근 알림 하루 요약 — 낱개 대신 저녁 한 번,출퇴근,🆕 구현,"52a7a0f · 설정 → 하루 요약, cron 21시",
B016,미퇴근 자동 임시 마감 — 예정 퇴근 시각으로 넣고 확인 요청,출퇴근,🆕 구현,52a7a0f · 출퇴근 기록 → 예정 퇴근으로 임시 마감(autoClose),
B017,출퇴근 기록 메모 — 사장님만 보는 한 줄,출퇴근,🆕 구현,"52a7a0f · attMemo 동작, 직원에겐 숨김",
B018,직원별 출근 시각 습관 — 평균 몇 분 일찍·늦게,출퇴근,🆕 구현,52a7a0f · 출근 습관(평균 몇 분),
B019,QR 찍은 뒤 진동·소리 확인 — 됐는지 바로 알게,출퇴근,🆕 구현,52a7a0f · app/attendance-scan.tsx 진동,
B020,출근 실패 이유 안내 — 시간 밖·다른 매장·이미 출근,출퇴근,🆕 구현,b190ff0 · 근무 시간 밖 출근 안내,
B021,근무표 기본 주 저장 — 매주 같은 틀 불러오기,근무표,✅ 이미 있음,주간 템플릿·지난주 복사,
B022,다음 달 근무표 한 번에 복제 — 같은 요일 기준,근무표,🆕 구현,52a7a0f · 근무표 도우미 → 다음 달로 복제,
B023,직원별 주 최대 근무 시간 설정 — 넘기면 경고,근무표,🆕 구현,"52a7a0f · 직원 메모 → 주 최대 시간, 막대 경고",
B024,직원별 주말 근무 횟수 — 공평하게 나누기,근무표,🆕 구현,52a7a0f · 근무표 도우미 주말 횟수,
B025,근무 맞교환 요청 — 직원끼리 바꾸고 사장님 승인,근무표,✅ 이미 있음,대타·교대 승인,
B026,근무표 나오는 날 안내 — 다음 주 근무표 공개 예정일,근무표,🆕 구현,"52a7a0f · 설정 → 근무표 나오는 요일, 직원 화면 안내",
B027,근무 길이에 맞는 휴게 자동 제안 — 4시간 30분·8시간 1시간,근무표,🆕 구현,e763492 · 근무 입력 창 휴게 제안 버튼,
B028,확정 후 변경 사유 메모 — 직원 알림에 함께,근무표,🆕 구현,e763492 · 근무 변경 사유 → 직원 알림,
B029,"근무표 키보드 단축키 — ←→ 주 이동, T 오늘",근무표,🆕 구현,e763492 · ←→·T·G H·? 단축키,
B030,근무표 PDF 저장 — 인쇄 대신 파일로,근무표,✅ 이미 있음,근무표 인쇄 → 브라우저 PDF 저장(print-schedule.tsx),
B031,한 직원 두 지점 겹침 경고,근무표,🆕 구현,e763492 · 두 지점 겹침 경고,
B032,근무 종류 색 — 오픈·미들·마감,근무표,🆕 구현,e763492 · 오픈·미들·마감 칸 색,
B033,빈 시간 채우기 제안 — 필요 인원 부족 칸에 가능한 직원,근무표,🆕 구현,52a7a0f · 근무표 도우미 → 넣을 사람 찾기,
B034,직원별 이번 주 시간 합계 막대 — 15시간·40시간 선,근무표,🆕 구현,52a7a0f · 근무표 도우미 시간 막대(15·40시간 선),
B035,근무표 확인 안 한 직원 재알림,근무표,🆕 구현,52a7a0f · lib/improve2.ts scheduleAckReminders,
B036,휴무 희망일 제출 — 직원이 쉬고 싶은 날,근무표,🆕 구현,52a7a0f · 직원 dayOffWish + 사장님 근무표 도우미,
B037,근무 요청 마감 카운트다운 — 가능 시간 제출 남은 날,근무표,🆕 구현,e763492 · 직원 화면 가능 시간 마감 D-day,
B038,근무표 비교 — 지난주와 달라진 칸 표시,근무표,🆕 구현,e763492 · 지난주와 달라진 칸,
B039,공휴일 근무 수당 미리 표시 — 5인 이상 매장,근무표,🆕 구현,e763492 · 공휴일 근무 가산 예상(5명 이상),
B040,근무표 엑셀 내려받기 — 직원×날짜 표,근무표,🆕 구현,52a7a0f · 근무표 이번 주·이번 달 엑셀,
B041,급여 계산 근거 펼쳐 보기 — 항목마다 식,급여·세무,✅ 이미 있음,급여 계산 근거,
B042,급여 확정 전 지난달 비교 카드 — 직원별 차이 이유,급여·세무,✅ 이미 있음,지난달 대비 비교,
B043,명세서 미열람 직원 재알림,급여·세무,🆕 구현,52a7a0f · cron 명세서 24시간 미열람 재알림,
B044,급여 지급일 달력 표시 — 다가오는 지급일,급여·세무,🆕 구현,e763492 · 급여 도우미 급여일 달력,
B045,비과세 식대 한도 검사 — 월 20만 원,급여·세무,✅ 이미 있음,식대 비과세 한도,
B046,급여 반올림 규칙 설정 — 원·10원 단위,급여·세무,◐ 일부,반올림 계산 함수만,급여 계산 연결 — 세무사 확인 후
B047,원천세 신고용 합계표 — 이번 달 소득세·지방소득세,급여·세무,✅ 이미 있음,원천세 합계,
B048,4대보험 고지액과 공제액 차이 메모,급여·세무,🆕 구현,e763492 · 4대보험 고지액 비교,
B049,3.3% 사업소득자 별도 표시 — 근로자와 섞이지 않게,급여·세무,✅ 이미 있음,3.3% 별도 열,
B050,일용직 근로내용확인신고 자료 — 매달 15일 기한,급여·세무,🆕 구현,e763492 · 일용직 신고 자료 엑셀,
B051,연차수당 정산 예상 — 퇴사·1년 만료 때,급여·세무,🆕 구현,e763492 · 연차수당 정산 예상,
B052,급여 마감 체크리스트 진행률,급여·세무,🆕 구현,e763492 · 마감 체크 진행률,
B053,명세서 문구 직접 추가 — 이번 달 안내 한 줄,급여·세무,✅ 이미 있음,명세서 메모,
B054,지급 계좌 변경 확인 — 바뀐 계좌는 첫 지급 전 표시,급여·세무,🆕 구현,e763492 · 계좌 바꾼 뒤 첫 지급 경고,
B055,급여 이체 금액 합계 확인 — 은행 파일과 맞는지,급여·세무,🆕 구현,e763492 · 이체 금액 맞춰 보기,
B056,주휴수당 판정 이유 표시 — 왜 받았나·못 받았나,급여·세무,🆕 구현,b190ff0 · 주휴수당 못 받은 이유 설명,
B057,야간·연장 시간 직원별 월 합계,급여·세무,✅ 이미 있음,임금대장 연장·야간 시간,
B058,최저임금 인상 연말 안내 — 다음 해 시급 미달 직원,급여·세무,🆕 구현,52a7a0f · cron 12월 내년 최저임금 미달 알림,
B059,퇴직금 적립 예상액 — 1년 넘을 직원,급여·세무,✅ 이미 있음,퇴직금 예상,
B060,급여 대장 연간 요약 — 직원별 1~12월,급여·세무,✅ 이미 있음,연간 임금대장,
B061,급여 수정 이력 — 확정 후 바뀐 금액,급여·세무,✅ 이미 있음,재확정 변경 이력,
B062,세무사에게 보낼 자료 한 번에 — 링크 하나,급여·세무,✅ 이미 있음,세무사 읽기 전용 링크,
B063,공제 항목 직접 추가 — 기숙사비·유니폼 등(동의 필요),급여·세무,🆕 구현,b190ff0 · 임금 공제 동의서 양식·직접 넣은 공제 확인,
B064,급여 미리 보기 공유 — 직원 확인 후 확정,급여·세무,🔧 외부 준비·보류,,확정 전 금액을 직원에게 보내면 혼선·개인정보 우려 — 보류 권장
B065,인건비 예산 초과 알림 — 월 중간에,급여·세무,🆕 구현,e763492 · 예산 90%·100% 알림,
B066,명세서 영어·베트남어 — 외국인 직원용,급여·세무,🆕 구현,e763492 · 명세서 칸 이름 영·중·베,
B067,두루누리 지원 예상액 표시,급여·세무,🆕 구현,e763492 · 두루누리 예상액,
B068,소득세 간이세액 비율 선택 — 80·100·120%,급여·세무,✅ 이미 있음,간이세액 80·100·120%,
B069,급여 계산 기간 설정 — 1일~말일 외 16일~15일,급여·세무,◐ 일부,급여 기간 계산 함수만,급여 계산 연결 — 세무사 확인 후 (전체 계산 기준이 바뀜)
B070,이번 달 급여 확정 마감 D-day 홈 표시,급여·세무,🆕 구현,52a7a0f · 홈 급여일 D-day,
B071,직원 메모 — 사장님만 보는 기록,직원 관리,🆕 구현,52a7a0f · 직원 메모(직원에게 숨김),
B072,직원 태그 — 학생·주말만·장기 등,직원 관리,🆕 구현,52a7a0f · 태그·태그별 보기,
B073,직원 상태 한눈에 — 계약·서류·교육 완료 배지,직원 관리,🆕 구현,52a7a0f · 준비 배지(계약·서류·교육·보건증),
B074,계약 만료 알림 — 기간제 끝나기 30일 전,직원 관리,✅ 이미 있음,계약 만료 30·7일 전 알림,
B075,보건증 만료 알림 — 1년 지나기 전,직원 관리,✅ 이미 있음,보건증 만료 알림,
B076,수습 종료 알림 — 평가 메모와 함께,직원 관리,🆕 구현,e763492 · 수습 종료 알림에 평가 안내,
B077,직원 평가 메모 — 분기별 한 줄,직원 관리,🆕 구현,52a7a0f · 평가 메모,
B078,칭찬 카드 — 사장님이 직원에게,직원 관리,🆕 구현,52a7a0f · 칭찬 카드(직원 화면),
B079,직원 근속 배지 — 3·6·12개월,직원 관리,🆕 구현,52a7a0f · 근속 배지,
B080,퇴사 사유 기록 — 퇴사율 분석용,직원 관리,🆕 구현,52a7a0f · 퇴사 사유,
B081,재입사 가능 여부 표시,직원 관리,🆕 구현,52a7a0f · 재입사 가능 여부,
B082,직원 연락 순서 — 급할 때 먼저 부를 사람,직원 관리,🆕 구현,52a7a0f · 급할 때 연락 순서,
B083,직원별 가능 업무 표시 — 오픈 가능·마감 가능,직원 관리,🆕 구현,52a7a0f · 가능 업무,
B084,직원 사진 없이 이니셜 색 — 구분 쉽게,직원 관리,🆕 구현,e763492 · 이니셜 색 직원별 고정,
B085,직원 일괄 초대 문자 문구 복사,직원 관리,🆕 구현,e763492 · 가입 안내 문구 복사,
B086,직원 정보 빠진 칸 알림 — 계좌·연락처·생년월일,직원 관리,🆕 구현,52a7a0f · 빠진 정보 배지,
B087,직원 목록 엑셀 내려받기,직원 관리,🆕 구현,52a7a0f · 직원 목록 엑셀,
B088,직원 근무 이력 한 장 — 입사부터 지금까지,직원 관리,🆕 구현,52a7a0f · 근무 이력 한 장 인쇄,
B089,청소년 직원 생일 지나면 제한 자동 해제,직원 관리,✅ 이미 있음,날짜 기준 만 18세 판정,
B090,외국인 직원 체류 기간 만료 알림(사장님 입력),직원 관리,🆕 구현,52a7a0f · 체류 기간 + 60·30·7일 알림,
B091,직원 첫 화면 오늘 한 장 — 내 근무·공지·할 일,직원 화면,🆕 구현,52a7a0f · 직원 오늘 한눈에,
B092,다음 근무까지 남은 시간,직원 화면,🆕 구현,52a7a0f · 다음 근무까지 남은 시간,
B093,내 이번 주 근무 시간과 주휴 여부,직원 화면,✅ 이미 있음,주휴 15시간 진행,
B094,내 연차 남은 날 크게,직원 화면,🆕 구현,52a7a0f · 남은 연차 크게,
B095,내 급여 지급일 D-day,직원 화면,🆕 구현,52a7a0f · 급여일 D-day(직원),
B096,근무표 바뀌면 바뀐 칸 강조,직원 화면,🆕 구현,e763492 · 직원 화면 바뀐 근무 강조,
B097,직원 화면 글자 크게 설정,직원 화면,✅ 이미 있음,글자 크게,
B098,직원 화면 어두운 모드,직원 화면,🆕 구현,e763492 · 어둡게 보기,
B099,내 근무 사진 한 장 공유 — 가족에게,직원 화면,🆕 구현,e763492 · 내 근무표 사진 공유,
B100,직원 도움말 — 자주 묻는 10가지,직원 화면,🆕 구현,52a7a0f · 직원 자주 묻는 질문 10가지,
B101,직원 알림 설정 — 근무 전 알림 시간 고르기,직원 화면,🆕 구현,52a7a0f · 매장 기본값 + 직원 선택(setPref),
B102,직원 수정 요청 진행 상태,직원 화면,✅ 이미 있음,내 요청 처리 상태,
B103,내 출퇴근 기록 월별 보기,직원 화면,✅ 이미 있음,내 근무 달력,
B104,직원 화면 오프라인 안내 — 저장된 근무표 보기,직원 화면,🆕 구현,e763492 · 못 불러올 때 저장된 근무표,
B105,직원 비밀번호 없이 링크 로그인 안내,직원 화면,✅ 이미 있음,카카오 간편 로그인(지시서 109),
B106,대타 요청 받은 사람 알림 응답 버튼,직원 화면,✅ 이미 있음,대타 맡기 버튼,
B107,직원 가능 시간 지난주 그대로 제출,직원 화면,🆕 구현,e763492 · 가능 시간 지난번 그대로 내기,
B108,직원 근무 끝나고 인수인계 바로 쓰기,직원 화면,🆕 구현,e763492 · 퇴근 요약에서 인수인계 바로가기,
B109,직원 화면 매장 연락처 — 사장님에게 전화,직원 화면,🆕 구현,52a7a0f · 직원 매장 전화 버튼,
B110,직원 첫 출근 안내 카드 — 준비물·위치,직원 화면,🆕 구현,52a7a0f · 첫 출근 안내(첫 기록 전까지),
B111,공지 읽음 비율 표시,소통·매장 운영,✅ 이미 있음,공지 읽음 n/m,
B112,공지 댓글·질문,소통·매장 운영,🆕 구현,e763492 · 공지 댓글,
B113,공지 이모지 반응,소통·매장 운영,🆕 구현,e763492 · 공지 반응 5가지,
B114,공지 첨부 파일(PDF),소통·매장 운영,🆕 구현,e763492 · 공지 PDF 첨부(최근 10개),
B115,매장 일정 달력 — 회식·점검·행사,소통·매장 운영,🆕 구현,52a7a0f · 매장 일정(직원에게도),
B116,점검표 사진 필수 항목 지정,소통·매장 운영,🆕 구현,e763492 · 매뉴얼 사진 필수,
B117,점검표 미완료 항목 다음 근무자에게 넘기기,소통·매장 운영,🆕 구현,e763492 · 못 한 단계 인수인계로 넘김,
B118,온도 기록 기준 밖이면 바로 알림,소통·매장 운영,✅ 이미 있음,온도 기준 밖 알림,
B119,발주 요청 처리 완료 표시,소통·매장 운영,✅ 이미 있음,발주 처리 상태,
B120,고장 신고 처리 상태 — 접수·수리 중·완료,소통·매장 운영,✅ 이미 있음,고장 처리 상태,
B121,매장 비품 위치 메모,소통·매장 운영,🆕 구현,52a7a0f · 비품 위치 메모,
B122,거래처 연락처 모음,소통·매장 운영,🆕 구현,52a7a0f · 거래처 연락처,
B123,매장 와이파이·비밀번호 직원 공유(직원만),소통·매장 운영,🆕 구현,52a7a0f · 와이파이·비밀번호 복사,
B124,오늘 특별 지시 — 하루짜리 상단 배너,소통·매장 운영,🆕 구현,52a7a0f · 오늘 특별 지시,
B125,교육 퀴즈 결과 사장님 보기,소통·매장 운영,✅ 이미 있음,퀴즈 이수 확인,
B126,매뉴얼 즐겨찾기,소통·매장 운영,🆕 구현,e763492 · 매뉴얼 즐겨찾기(이 기기),
B127,업무 체크 반복 설정 — 매주 월요일,소통·매장 운영,🆕 구현,52a7a0f · 반복 할 일(매일·매주·매달),
B128,매장 규칙 동의 — 입사 때 한 번 서명,소통·매장 운영,✅ 이미 있음,"서명 서류 ""매장 근무 수칙 확인서""",
B129,건의 답변 — 익명 건의에 사장님 답,소통·매장 운영,✅ 이미 있음,익명 건의 사장님 답변(store-log reply),
B130,직원 투표 — 회식 날짜 등,소통·매장 운영,🆕 구현,e763492 · 공지 투표,
B131,월간 리포트 이메일 — 매월 1일,리포트·분석,🔧 외부 준비·보류,,메일 발송 연결(RESEND) 후
B132,인건비율 목표 설정과 초과 표시,리포트·분석,🆕 구현,52a7a0f · 인건비율 목표·초과 표시,
B133,요일별 인건비 비교,리포트·분석,🆕 구현,52a7a0f · 요일별 인건비,
B134,직원별 시간당 매출 기여(매출 입력 시),리포트·분석,🆕 구현,e763492 · 일한 시간당 매출(매출 입력 달),
B135,지각 많은 요일·시간대,리포트·분석,🆕 구현,52a7a0f · 지각 많은 요일·시간대,
B136,대타 발생 횟수 추이,리포트·분석,🆕 구현,대타·교대 승인 달별 추이(휴가·공지 기록 불러옴),
B137,연장근무 많은 직원 주의 표시,리포트·분석,🆕 구현,52a7a0f · 40시간 넘는 주 2번 이상 표시,
B138,이직 위험 신호 — 근무 감소·지각 증가,리포트·분석,🆕 구현,52a7a0f · 이직 위험 신호,
B139,지점별 인건비 순위,리포트·분석,🆕 구현,e763492 · 지점 순위 정렬,
B140,작년 같은 달 비교,리포트·분석,🆕 구현,52a7a0f · 작년 같은 달 확정 급여 비교,
B141,리포트 숫자 눌러 근거 보기,리포트·분석,🆕 구현,b190ff0 · 리포트 요일별 근거 보기,
B142,리포트 기간 직접 고르기,리포트·분석,🆕 구현,e763492 · 리포트 기간 직접 고르기,
B143,리포트 엑셀 내려받기,리포트·분석,🆕 구현,e763492 · 리포트 엑셀,
B144,주휴수당 비중 추이,리포트·분석,🆕 구현,e763492 · 주휴수당 비중,
B145,4대보험 사업주 부담 포함 실제 인건비,리포트·분석,✅ 이미 있음,사업주 부담 포함 인건비,
B146,비서 추천 질문 — 화면별,비서·자동화,🆕 구현,e763492 · 화면별 추천 질문,
B147,비서 답변 근거 링크 — 어느 화면 숫자인지,비서·자동화,🆕 구현,b190ff0 · 비서 답에 근거 화면 버튼,
B148,"비서로 근무 추가 — ""내일 민수 10시~3시""",비서·자동화,✅ 이미 있음,비서로 근무 추가,
B149,비서로 공지 쓰기,비서·자동화,🆕 구현,"e763492 · ""공지: …""로 초안",
B150,비서 대화 기록 보기,비서·자동화,🆕 구현,52a7a0f · 비서 대화 기록(이 탭),
B151,자동 규칙 — 지각 3번이면 메모 남기기,비서·자동화,🆕 구현,e763492 · 지각 N번 메모 자동 기록(설정),
B152,자동 규칙 — 매주 금요일 근무표 확인 알림,비서·자동화,🆕 구현,e763492 · 금요일 15시 다음 주 근무표 미공개 알림,
B153,반복 할 일 자동 생성,비서·자동화,🆕 구현,52a7a0f · 반복 할 일 오늘 목록,
B154,비서 오늘 할 일 순서 추천,비서·자동화,🆕 구현,"e763492 · ""오늘 뭐부터?"" 순서 추천",
B155,비서 법정 질문 답변에 출처(법 조항),비서·자동화,🆕 구현,e763492 · 노무 답변에 근거 조항,
B156,비서 실수 신고 버튼,비서·자동화,🆕 구현,"52a7a0f · ""답이 이상해요"" → 문의 미리 채움",
B157,아침 브리핑 알림 시각 설정,비서·자동화,🆕 구현,52a7a0f · 아침 브리핑 시각 설정,
B158,비서 단축 명령 — /근무 /급여,비서·자동화,🆕 구현,52a7a0f · /근무 /급여 등 단축 명령,
B159,비서 답변 복사 버튼,비서·자동화,🆕 구현,52a7a0f · 답 복사,
B160,비서 대화 지우기,비서·자동화,🆕 구현,52a7a0f · 대화 지우기,
B161,지점별 관리자 지정,다지점·본사,✅ 이미 있음,지점 매니저 위임,
B162,지점 비교 표 내려받기,다지점·본사,🆕 구현,e763492 · 지점 비교 엑셀,
B163,본사 공지 읽음 지점별,다지점·본사,🆕 구현,e763492 · 본사 공지 가게별 읽음,
B164,지점 간 직원 빌려주기 요청,다지점·본사,🆕 구현,e763492 · 빈 근무 전 지점 모집(지원 근무),
B165,지점별 영업시간 다르게,다지점·본사,✅ 이미 있음,지점별 영업시간,
B166,지점 추가 마법사,다지점·본사,🆕 구현,b190ff0 · 지점 준비 체크,
B167,지점 휴점 처리 — 데이터 보관,다지점·본사,🆕 구현,52a7a0f · 지점 휴점 상태(데이터 보관),
B168,지점별 근무표 담당자 알림,다지점·본사,🆕 구현,e763492 · 근무표 담당 매니저에게도 알림,
B169,전 지점 이번 달 급여 합계,다지점·본사,🆕 구현,e763492 · 전 지점 합계 행,
B170,지점별 점검 완료율,다지점·본사,🆕 구현,e763492 · 지점별 점검 완료율(7일),
B171,첫 화면 위젯 순서 바꾸기,사장님 화면·접근성·성능,🔧 외부 준비·보류,,홈 화면 구조 개편이 필요 — 다음 개편 때
B172,최근 본 화면 바로가기,사장님 화면·접근성·성능,🆕 구현,e763492 이후 · 홈에 최근 본 화면 4개,
B173,어두운 모드(사장님 화면),사장님 화면·접근성·성능,🆕 구현,e763492 · 어둡게 보기(사장님),
B174,글자 크게 보기(사장님 화면),사장님 화면·접근성·성능,✅ 이미 있음,글자 크게(사장님),
B175,빈 화면마다 다음 행동 버튼,사장님 화면·접근성·성능,🆕 구현,b190ff0 · 빈 공지 화면 첫 공지 쓰기 등,
B176,저장 안 한 변경 경고 — 화면 떠날 때,사장님 화면·접근성·성능,🆕 구현,52a7a0f · 직원 정보 수정 중 나가기 경고,
B177,키보드만으로 모든 기능,사장님 화면·접근성·성능,🆕 구현,e763492 · 단축키·도움말 표,
B178,느린 인터넷에서 가벼운 화면,사장님 화면·접근성·성능,🆕 구현,e763492 · 데이터 절약·느린 연결 가벼운 화면,
B179,화면 불러오기 뼈대 표시 — 흰 화면 대신,사장님 화면·접근성·성능,🆕 구현,e763492 · 불러오기 뼈대,
B180,날짜 입력 한국식 — 오늘·내일 버튼,사장님 화면·접근성·성능,🆕 구현,e763492 · 날짜 칸 T·+/-,
B181,숫자 입력 천 단위 쉼표,사장님 화면·접근성·성능,🆕 구현,e763492 · 금액 칸 천 단위 미리 보기,
B182,오류 났을 때 다시 시도 버튼,사장님 화면·접근성·성능,🆕 구현,b190ff0 · 저장 실패 다시 시도,
B183,도움말 물음표 — 화면 옆에서 바로,사장님 화면·접근성·성능,🆕 구현,b190ff0 · 화면별 도움말 물음표,
B184,되돌리기 알림줄 — 지운 직후 '되돌리기',사장님 화면·접근성·성능,✅ 이미 있음,근무표 되돌리기·휴지통 30일,
B185,인쇄용 화면 정리 — 버튼 숨김,사장님 화면·접근성·성능,✅ 이미 있음,인쇄 때 버튼 숨김,
B186,가입 단계 진행 표시,가입·결제·성장,🆕 구현,b190ff0 · 사장님 가입 단계 표시,
B187,체험 중 남은 날 상단 표시,가입·결제·성장,✅ 이미 있음,체험 남은 날,
B188,친구 사장님 추천 — 추천하면 한 달 연장,가입·결제·성장,🔧 외부 준비·보류,,토스페이먼츠 연결 후 보상 적용(코드 함수는 있음)
B189,업종별 시작 템플릿 — 카페·식당·편의점,가입·결제·성장,✅ 이미 있음,편의점·판매점 시작 템플릿(retail),
B190,가입 후 3일·7일 안내 메일,가입·결제·성장,🔧 외부 준비·보류,,메일 발송 연결(RESEND) 후
B191,해지 이유 묻기 — 한 번 클릭,가입·결제·성장,🆕 구현,e763492 · 해지 이유 한 번에 고르기,
B192,요금제 비교 계산 — 우리 매장은 얼마,가입·결제·성장,✅ 이미 있음,요금 계산,
B193,결제 영수증 메일,가입·결제·성장,🔧 외부 준비·보류,,토스페이먼츠 연결 후
B194,사용 현황 — 이번 달 쓴 기능,가입·결제·성장,🆕 구현,52a7a0f · 이번 달 쓴 기능,
B195,데모 매장 초기화 버튼,가입·결제·성장,🆕 구현,e763492 · 데모 처음 상태로,
B196,화면 오류 자동 보고 — 개인정보 빼고,안정성·품질,🆕 구현,"52a7a0f · 화면 오류 자동 보고(개인정보 지움, 본사 화면)",
B197,저장 충돌 안내 — 다른 기기에서 먼저 바꿨을 때,안정성·품질,✅ 이미 있음,다른 기기 변경 충돌 안내,
B198,느린 요청 기록 — 2초 넘는 API,안정성·품질,🆕 구현,52a7a0f · 2초 넘는 요청 기록,
B199,의존성 자동 업데이트 점검,안정성·품질,✅ 이미 있음,dependabot 주 1회,
B200,비밀값 커밋 막기 검사,안정성·품질,🆕 구현,52a7a0f · scripts/check-secrets.mjs(테스트에 포함),
